<bpy>
  <Theme>
    <user_interface>
      <ThemeUserInterface
        menu_shadow_fac="0.4"
        menu_shadow_width="2"
        icon_alpha="1"
        icon_saturation="0.5"
        widget_emboss="#00000026"
        editor_outline="#161616"
        widget_text_cursor="#71a8ff"
        panel_roundness="0.4"
        transparent_checker_primary="#333333"
        transparent_checker_secondary="#262626"
        transparent_checker_size="8"
        axis_x="#ff3352"
        axis_y="#8bdc00"
        axis_z="#2890ff"
        gizmo_hi="#ffffff"
        gizmo_primary="#f5f14d"
        gizmo_secondary="#63ffff"
        gizmo_view_align="#ffffff"
        gizmo_a="#4da84d"
        gizmo_b="#a33535"
        icon_scene="#ccccccff"
        icon_collection="#ffffffff"
        icon_object="#00a0ffff"
        icon_object_data="#00d4a3ff"
        icon_modifier="#74a2ffff"
        icon_shading="#cc6670ff"
        icon_folder="#c79922ff"
        icon_border_intensity="0"
        >
        <wcol_regular>
          <ThemeWidgetColors
            outline="#3d3d3dff"
            inner="#545454ff"
            inner_sel="#0e558c80"
            item="#1d1d1d80"
            text="#e6e6e6"
            text_sel="#ffffff"
            show_shaded="FALSE"
            shadetop="0"
            shadedown="0"
            roundness="0.4"
            >
          </ThemeWidgetColors>
        </wcol_regular>
        <wcol_tool>
          <ThemeWidgetColors
            outline="#3d3d3dff"
            inner="#545454b3"
            inner_sel="#00588ca7"
            item="#ffffffff"
            text="#e6e6e6"
            text_sel="#ffffff"
            show_shaded="FALSE"
            shadetop="0"
            shadedown="0"
            roundness="0.4"
            >
          </ThemeWidgetColors>
        </wcol_tool>
        <wcol_toolbar_item>
          <ThemeWidgetColors
            outline="#3b3b3bff"
            inner="#282828ff"
            inner_sel="#0071b5ff"
            item="#ffffffb3"
            text="#e6e6e6"
            text_sel="#ffffff"
            show_shaded="FALSE"
            shadetop="0"
            shadedown="0"
            roundness="0.4"
            >
          </ThemeWidgetColors>
        </wcol_toolbar_item>
        <wcol_radio>
          <ThemeWidgetColors
            outline="#3d3d3dff"
            inner="#545454cc"
            inner_sel="#0e558cff"
            item="#252525ff"
            text="#e6e6e6"
            text_sel="#ffffff"
            show_shaded="FALSE"
            shadetop="0"
            shadedown="0"
            roundness="0.4"
            >
          </ThemeWidgetColors>
        </wcol_radio>
        <wcol_text>
          <ThemeWidgetColors
            outline="#3d3d3dff"
            inner="#1d1d1dff"
            inner_sel="#181818ff"
            item="#4772b3ff"
            text="#e6e6e6"
            text_sel="#ffffff"
            show_shaded="FALSE"
            shadetop="0"
            shadedown="0"
            roundness="0.4"
            >
          </ThemeWidgetColors>
        </wcol_text>
        <wcol_option>
          <ThemeWidgetColors
            outline="#3d3d3dff"
            inner="#545454cc"
            inner_sel="#0e558cff"
            item="#ffffffff"
            text="#e6e6e6"
            text_sel="#ffffff"
            show_shaded="FALSE"
            shadetop="0"
            shadedown="0"
            roundness="0.4"
            >
          </ThemeWidgetColors>
        </wcol_option>
        <wcol_toggle>
          <ThemeWidgetColors
            outline="#3d3d3dff"
            inner="#545454ff"
            inner_sel="#0862a9ff"
            item="#252525ff"
            text="#e6e6e6"
            text_sel="#ffffff"
            show_shaded="FALSE"
            shadetop="0"
            shadedown="0"
            roundness="0.4"
            >
          </ThemeWidgetColors>
        </wcol_toggle>
        <wcol_num>
          <ThemeWidgetColors
            outline="#3d3d3dff"
            inner="#545454e6"
            inner_sel="#222222ff"
            item="#0e558cff"
            text="#e6e6e6"
            text_sel="#ffffff"
            show_shaded="FALSE"
            shadetop="0"
            shadedown="0"
            roundness="0.4"
            >
          </ThemeWidgetColors>
        </wcol_num>
        <wcol_numslider>
          <ThemeWidgetColors
            outline="#3d3d3dff"
            inner="#4d4d4dff"
            inner_sel="#222222ff"
            item="#0e558c89"
            text="#e6e6e6"
            text_sel="#ffffff"
            show_shaded="FALSE"
            shadetop="0"
            shadedown="0"
            roundness="0.4"
            >
          </ThemeWidgetColors>
        </wcol_numslider>
        <wcol_box>
          <ThemeWidgetColors
            outline="#3d3d3dff"
            inner="#1d1d1db3"
            inner_sel="#545454ff"
            item="#191919ff"
            text="#e6e6e6"
            text_sel="#ffffff"
            show_shaded="FALSE"
            shadetop="0"
            shadedown="0"
            roundness="0.4"
            >
          </ThemeWidgetColors>
        </wcol_box>
        <wcol_menu>
          <ThemeWidgetColors
            outline="#4d4d4dff"
            inner="#0e558c0e"
            inner_sel="#0e558c89"
            item="#d9d9d9ff"
            text="#e6e6e6"
            text_sel="#ffffff"
            show_shaded="FALSE"
            shadetop="0"
            shadedown="0"
            roundness="0.4"
            >
          </ThemeWidgetColors>
        </wcol_menu>
        <wcol_pulldown>
          <ThemeWidgetColors
            outline="#3d3d3d00"
            inner="#222222cc"
            inner_sel="#4772b3cc"
            item="#727272ff"
            text="#d9d9d9"
            text_sel="#ffffff"
            show_shaded="FALSE"
            shadetop="0"
            shadedown="0"
            roundness="0.4"
            >
          </ThemeWidgetColors>
        </wcol_pulldown>
        <wcol_menu_back>
          <ThemeWidgetColors
            outline="#cacaca26"
            inner="#181818ff"
            inner_sel="#4772b3ff"
            item="#d9d9d9ff"
            text="#999999"
            text_sel="#ffffff"
            show_shaded="FALSE"
            shadetop="0"
            shadedown="0"
            roundness="0.4"
            >
          </ThemeWidgetColors>
        </wcol_menu_back>
        <wcol_pie_menu>
          <ThemeWidgetColors
            outline="#242424ff"
            inner="#181818cc"
            inner_sel="#4772b3ff"
            item="#545454ff"
            text="#d9d9d9"
            text_sel="#ffffff"
            show_shaded="FALSE"
            shadetop="0"
            shadedown="0"
            roundness="0.4"
            >
          </ThemeWidgetColors>
        </wcol_pie_menu>
        <wcol_tooltip>
          <ThemeWidgetColors
            outline="#242424ff"
            inner="#1d1d1dff"
            inner_sel="#4772b3ff"
            item="#d9d9d9ff"
            text="#d9d9d9"
            text_sel="#ffffff"
            show_shaded="FALSE"
            shadetop="0"
            shadedown="0"
            roundness="0.4"
            >
          </ThemeWidgetColors>
        </wcol_tooltip>
        <wcol_menu_item>
          <ThemeWidgetColors
            outline="#3d3d3d00"
            inner="#18181880"
            inner_sel="#0e558cff"
            item="#ffffff8f"
            text="#dddddd"
            text_sel="#ffffff"
            show_shaded="FALSE"
            shadetop="0"
            shadedown="0"
            roundness="0.4"
            >
          </ThemeWidgetColors>
        </wcol_menu_item>
        <wcol_scroll>
          <ThemeWidgetColors
            outline="#3d3d3dff"
            inner="#22222200"
            inner_sel="#ffffffff"
            item="#b3b3b399"
            text="#e6e6e6"
            text_sel="#ffffff"
            show_shaded="FALSE"
            shadetop="0"
            shadedown="0"
            roundness="1"
            >
          </ThemeWidgetColors>
        </wcol_scroll>
        <wcol_progress>
          <ThemeWidgetColors
            outline="#3d3d3dff"
            inner="#222222ff"
            inner_sel="#0e558cff"
            item="#0e558cff"
            text="#e6e6e6"
            text_sel="#ffffff"
            show_shaded="FALSE"
            shadetop="0"
            shadedown="0"
            roundness="0.4"
            >
          </ThemeWidgetColors>
        </wcol_progress>
        <wcol_list_item>
          <ThemeWidgetColors
            outline="#2d2d2dff"
            inner="#2d2d2d5c"
            inner_sel="#484a4fff"
            item="#4772b3ff"
            text="#cccccc"
            text_sel="#ffffff"
            show_shaded="FALSE"
            shadetop="0"
            shadedown="0"
            roundness="0.4"
            >
          </ThemeWidgetColors>
        </wcol_list_item>
        <wcol_state>
          <ThemeWidgetStateColors
            inner_anim="#53992e"
            inner_anim_sel="#38a600"
            inner_key="#b3ae36"
            inner_key_sel="#b29700"
            inner_driven="#9000cc"
            inner_driven_sel="#9900e6"
            inner_overridden="#00c3c3"
            inner_overridden_sel="#118f8f"
            inner_changed="#cc7529"
            inner_changed_sel="#d26400"
            blend="0.5"
            >
          </ThemeWidgetStateColors>
        </wcol_state>
        <wcol_tab>
          <ThemeWidgetColors
            outline="#1d1d1dff"
            inner="#1d1d1dff"
            inner_sel="#426dae68"
            item="#1d1d1dff"
            text="#989898"
            text_sel="#ffffff"
            show_shaded="FALSE"
            shadetop="0"
            shadedown="0"
            roundness="0.4"
            >
          </ThemeWidgetColors>
        </wcol_tab>
      </ThemeUserInterface>
    </user_interface>
    <view_3d>
      <ThemeView3D
        grid="#54545480"
        clipping_border_3d="#313131ff"
        wire="#000000"
        wire_edit="#4d4d4d"
        edge_width="2"
        gp_vertex="#4d4d4d"
        gp_vertex_select="#ff8500"
        gp_vertex_size="3"
        text_grease_pencil="#b5e61d"
        object_selected="#d80080"
        object_active="#00a5ff"
        text_keyframe="#ddd700"
        camera="#e2e2e2"
        empty="#e2e2e2"
        light="#d5d5d500"
        speaker="#545454"
        vertex="#ffffff"
        vertex_select="#00e1ff"
        vertex_active="#000000"
        vertex_size="3"
        vertex_bevel="#005584"
        vertex_unreferenced="#000000"
        edge_select="#ffffff"
        edge_seam="#db2512"
        edge_sharp="#93ff93"
        edge_crease="#cc0099"
        edge_bevel="#005584"
        edge_facesel="#4b4b4b"
        freestyle_edge_mark="#6fd66f"
        face="#ffffff00"
        face_select="#00a5ff33"
        face_dot="#00a5ff"
        facedot_size="3"
        freestyle_face_mark="#7fff7f4d"
        face_retopology="#9550ff0f"
        face_back="#ff0000b3"
        face_front="#0007ffb3"
        nurb_uline="#909000"
        nurb_vline="#803060"
        nurb_sel_uline="#f0ff40"
        nurb_sel_vline="#f090a0"
        act_spline="#db2512"
        handle_free="#000000"
        handle_auto="#909000"
        handle_vect="#409030"
        handle_sel_vect="#40c030"
        handle_align="#803060"
        handle_sel_free="#000000"
        handle_sel_auto="#f0ff40"
        handle_sel_align="#f090a0"
        lastsel_point="#ffffff"
        extra_edge_len="#150806"
        extra_edge_angle="#4d4d00"
        extra_face_angle="#0000cc"
        extra_face_area="#004d00"
        editmesh_active="#ffffffff"
        normal="#22dddd"
        vertex_normal="#2361dd"
        split_normal="#dd23dd"
        bone_pose="#50c8ff"
        bone_pose_active="#8cffff"
        bone_solid="#b2b2b2"
        bone_locked_weight="#ff000080"
        bundle_solid="#c8c8c8"
        camera_path="#000000"
        camera_passepartout="#000000"
        skin_root="#b44d4d"
        view_overlay="#000000"
        transform="#ffffff"
        frame_current="#4772b3"
        paint_curve_handle="#7fff7f7f"
        paint_curve_pivot="#ff7f7f7f"
        outline_width="2"
        object_origin_size="6"
        >
        <space>
          <ThemeSpaceGradient
            title="#eeeeee"
            text="#e6e6e6"
            text_hi="#ffffff"
            header="#303030b3"
            header_text="#eeeeee"
            header_text_hi="#ffffff"
            button="#30303000"
            button_title="#ffffff"
            button_text="#cccccc"
            button_text_hi="#ffffff"
            navigation_bar="#1d1d1dff"
            execution_buts="#303030ff"
            tab_active="#2b3a4f"
            tab_inactive="#1d1d1d"
            tab_back="#181818ff"
            tab_outline="#3d3d3dff"
            >
            <gradients>
              <ThemeGradientColors
                background_type="RADIAL"
                high_gradient="#3d3d3d"
                gradient="#303030"
                >
              </ThemeGradientColors>
            </gradients>
            <panelcolors>
              <ThemePanelColors
                header="#0e558c89"
                back="#3d3d3d80"
                sub_back="#0000001f"
                >
              </ThemePanelColors>
            </panelcolors>
          </ThemeSpaceGradient>
        </space>
        <asset_shelf>
          <ThemeAssetShelf
            header_back="#1d1d1dff"
            back="#303030ff"
            >
          </ThemeAssetShelf>
        </asset_shelf>
      </ThemeView3D>
    </view_3d>
    <graph_editor>
      <ThemeGraphEditor
        grid="#1a1a1a"
        frame_current="#4772b3"
        time_scrub_background="#161616ff"
        time_marker_line="#ffffff4d"
        time_marker_line_selected="#ffffffb3"
        window_sliders="#969696"
        channels_region="#121212"
        dopesheet_channel="#194e80"
        dopesheet_subchannel="#0f2c4d"
        channel_group="#1a332d"
        active_channels_group="#216d5b"
        preview_range="#a14d0066"
        vertex="#000000"
        vertex_select="#ff8500"
        vertex_active="#ffffff"
        vertex_size="6"
        vertex_bevel="#000000"
        vertex_unreferenced="#000000"
        handle_free="#000000"
        handle_auto="#909000"
        handle_vect="#409030"
        handle_sel_vect="#40c030"
        handle_align="#803060"
        handle_sel_free="#000000"
        handle_sel_auto="#f0ff40"
        handle_sel_align="#f090a0"
        handle_auto_clamped="#994030"
        handle_sel_auto_clamped="#f0af90"
        lastsel_point="#ffffff"
        handle_vertex="#000000"
        handle_vertex_select="#ff8500"
        handle_vertex_size="5"
        >
        <space>
          <ThemeSpaceGeneric
            back="#303030"
            title="#ffffff"
            text="#a6a6a6"
            text_hi="#ffffff"
            header="#303030b3"
            header_text="#eeeeee"
            header_text_hi="#ffffff"
            button="#30303000"
            button_title="#ffffff"
            button_text="#cccccc"
            button_text_hi="#ffffff"
            navigation_bar="#1d1d1dff"
            execution_buts="#303030ff"
            tab_active="#303030"
            tab_inactive="#1d1d1d"
            tab_back="#181818ff"
            tab_outline="#3d3d3dff"
            >
            <panelcolors>
              <ThemePanelColors
                header="#3d3d3dff"
                back="#3d3d3dff"
                sub_back="#0000001f"
                >
              </ThemePanelColors>
            </panelcolors>
          </ThemeSpaceGeneric>
        </space>
        <space_list>
          <ThemeSpaceListGeneric
            list="#1d1d1d"
            list_title="#ffffff"
            list_text="#b8b8b8"
            list_text_hi="#ffaf23"
            >
          </ThemeSpaceListGeneric>
        </space_list>
      </ThemeGraphEditor>
    </graph_editor>
    <file_browser>
      <ThemeFileBrowser
        selected_file="#4c4c4c"
        row_alternate="#ffffff04"
        >
        <space>
          <ThemeSpaceGeneric
            back="#282828"
            title="#ffffff"
            text="#e6e6e6"
            text_hi="#ffffff"
            header="#303030b3"
            header_text="#eeeeee"
            header_text_hi="#ffffff"
            button="#30303000"
            button_title="#ffffff"
            button_text="#cccccc"
            button_text_hi="#ffffff"
            navigation_bar="#303030ff"
            execution_buts="#303030ff"
            tab_active="#303030"
            tab_inactive="#1d1d1d"
            tab_back="#181818ff"
            tab_outline="#3d3d3dff"
            >
            <panelcolors>
              <ThemePanelColors
                header="#3d3d3dff"
                back="#3d3d3dff"
                sub_back="#0000001f"
                >
              </ThemePanelColors>
            </panelcolors>
          </ThemeSpaceGeneric>
        </space>
      </ThemeFileBrowser>
    </file_browser>
    <nla_editor>
      <ThemeNLAEditor
        grid="#2a2a2a"
        view_sliders="#969696"
        dopesheet_channel="#0f2c4d"
        dopesheet_subchannel="#7d98b3"
        nla_track="#303030"
        active_action="#99541366"
        active_action_unset="#4d3b174d"
        preview_range="#a14d0066"
        strips="#0d0d0d"
        strips_selected="#ff8c00"
        transition_strips="#1c2630"
        transition_strips_selected="#2e75db"
        meta_strips="#332642"
        meta_strips_selected="#692196"
        sound_strips="#2b3d3d"
        sound_strips_selected="#1f7a7a"
        tweak="#4df31a"
        tweak_duplicate="#d90000"
        keyframe_border="#000000ff"
        keyframe_border_selected="#000000ff"
        frame_current="#4772b3"
        time_scrub_background="#161616ff"
        time_marker_line="#ffffff4d"
        time_marker_line_selected="#ffffffb3"
        >
        <space>
          <ThemeSpaceGeneric
            back="#303030"
            title="#ffffff"
            text="#a6a6a6"
            text_hi="#ffffff"
            header="#303030b3"
            header_text="#eeeeee"
            header_text_hi="#ffffff"
            button="#30303000"
            button_title="#ffffff"
            button_text="#cccccc"
            button_text_hi="#ffffff"
            navigation_bar="#1d1d1dff"
            execution_buts="#303030ff"
            tab_active="#303030"
            tab_inactive="#1d1d1d"
            tab_back="#181818ff"
            tab_outline="#3d3d3dff"
            >
            <panelcolors>
              <ThemePanelColors
                header="#3d3d3dff"
                back="#3d3d3dff"
                sub_back="#0000001f"
                >
              </ThemePanelColors>
            </panelcolors>
          </ThemeSpaceGeneric>
        </space>
        <space_list>
          <ThemeSpaceListGeneric
            list="#1d1d1d"
            list_title="#ffffff"
            list_text="#b8b8b8"
            list_text_hi="#ffaf23"
            >
          </ThemeSpaceListGeneric>
        </space_list>
      </ThemeNLAEditor>
    </nla_editor>
    <dopesheet_editor>
      <ThemeDopeSheet
        grid="#161616"
        frame_current="#0e558c"
        time_scrub_background="#1d1d1dff"
        time_marker_line="#ffffff4d"
        time_marker_line_selected="#ffffffb3"
        value_sliders="#000000"
        view_sliders="#c0c0c0"
        dopesheet_channel="#194e8080"
        dopesheet_subchannel="#0f2c4d80"
        channels="#1d1d1d99"
        channels_selected="#60c04044"
        channel_group="#1a332d37"
        active_channels_group="#216d5b67"
        long_key="#ffffff1f"
        long_key_selected="#ff8c0099"
        keyframe="#bfbfbf"
        keyframe_selected="#ffbe33"
        keyframe_extreme="#e8b3cc"
        keyframe_extreme_selected="#f28080"
        keyframe_breakdown="#b3dbe8"
        keyframe_breakdown_selected="#54bfed"
        keyframe_jitter="#94e575"
        keyframe_jitter_selected="#61c042"
        keyframe_movehold="#808080"
        keyframe_movehold_selected="#ffaf23"
        keyframe_border="#000000ff"
        keyframe_border_selected="#000000ff"
        keyframe_scale_factor="1"
        summary="#4d272766"
        preview_range="#a14d0066"
        interpolation_line="#94e575cc"
        simulated_frames="#721e65ff"
        >
        <space>
          <ThemeSpaceGeneric
            back="#303030"
            title="#eeeeee"
            text="#a6a6a6"
            text_hi="#ffffff"
            header="#303030b3"
            header_text="#eeeeee"
            header_text_hi="#ffffff"
            button="#22222200"
            button_title="#ffffff"
            button_text="#cccccc"
            button_text_hi="#ffffff"
            navigation_bar="#1d1d1dff"
            execution_buts="#303030ff"
            tab_active="#303030"
            tab_inactive="#1d1d1d"
            tab_back="#181818ff"
            tab_outline="#3d3d3dff"
            >
            <panelcolors>
              <ThemePanelColors
                header="#3d3d3dff"
                back="#3d3d3dff"
                sub_back="#0000001f"
                >
              </ThemePanelColors>
            </panelcolors>
          </ThemeSpaceGeneric>
        </space>
        <space_list>
          <ThemeSpaceListGeneric
            list="#1d1d1d"
            list_title="#ffffff"
            list_text="#b8b8b8"
            list_text_hi="#ffaf23"
            >
          </ThemeSpaceListGeneric>
        </space_list>
      </ThemeDopeSheet>
    </dopesheet_editor>
    <image_editor>
      <ThemeImageEditor
        grid="#303030ff"
        vertex="#ffffff"
        vertex_select="#00a5ff"
        vertex_active="#ffffff"
        vertex_size="3"
        vertex_bevel="#ffffff"
        vertex_unreferenced="#ffffff"
        face="#00a5ff1a"
        face_select="#00a5ff4d"
        face_dot="#ffffff"
        facedot_size="2"
        freestyle_face_mark="#7fff7f33"
        face_retopology="#86c6ff3f"
        face_back="#ff7500ff"
        face_front="#35ff00ff"
        editmesh_active="#00a5ff80"
        wire_edit="#ffffff"
        edge_width="1"
        edge_select="#005cd8"
        scope_back="#707070ff"
        preview_stitch_face="#7f7f0033"
        preview_stitch_edge="#ff00ff33"
        preview_stitch_vert="#0000ff33"
        preview_stitch_stitchable="#00ff00ff"
        preview_stitch_unstitchable="#ff0000ff"
        preview_stitch_active="#ffffff3d"
        uv_shadow="#707070ff"
        frame_current="#4772b3"
        metadatabg="#000000"
        metadatatext="#ffffff"
        handle_free="#000000"
        handle_auto="#909000"
        handle_align="#803060"
        handle_sel_free="#000000"
        handle_sel_auto="#f0ff40"
        handle_sel_align="#f090a0"
        handle_auto_clamped="#000000"
        handle_sel_auto_clamped="#000000"
        handle_vertex="#000000"
        handle_vertex_select="#ffff00"
        handle_vertex_size="3"
        paint_curve_handle="#7fff7f7f"
        paint_curve_pivot="#ff7f7f7f"
        >
        <space>
          <ThemeSpaceGeneric
            back="#262626"
            title="#eeeeee"
            text="#e6e6e6"
            text_hi="#ffffff"
            header="#1d1d1dff"
            header_text="#eeeeee"
            header_text_hi="#ffffff"
            button="#30303000"
            button_title="#ffffff"
            button_text="#cccccc"
            button_text_hi="#ffffff"
            navigation_bar="#030303ff"
            execution_buts="#303030ff"
            tab_active="#0d2336"
            tab_inactive="#1d1d1d"
            tab_back="#181818ff"
            tab_outline="#3d3d3dff"
            >
            <panelcolors>
              <ThemePanelColors
                header="#272727cc"
                back="#3d3d3d99"
                sub_back="#0000001f"
                >
              </ThemePanelColors>
            </panelcolors>
          </ThemeSpaceGeneric>
        </space>
      </ThemeImageEditor>
    </image_editor>
    <sequence_editor>
      <ThemeSequenceEditor
        grid="#303030"
        window_sliders="#a0a0a0"
        movie_strip="#4d6890"
        movieclip_strip="#8f4c4c"
        image_strip="#8f744b"
        scene_strip="#808033"
        audio_strip="#448080"
        effect_strip="#514a73"
        transition_strip="#50458f"
        color_strip="#8f8f8f"
        meta_strip="#5b4d91"
        mask_strip="#666666"
        text_strip="#824c8f"
        active_strip="#d9d9d9"
        selected_strip="#ff8f0d"
        frame_current="#4772b3"
        time_scrub_background="#121212ff"
        time_marker_line="#ffffff4d"
        time_marker_line_selected="#ffffffb3"
        keyframe="#ff8500"
        keyframe_selected="#ffbe33"
        keyframe_breakdown="#b3dbe8"
        keyframe_breakdown_selected="#54bfed"
        keyframe_movehold="#808080"
        keyframe_movehold_selected="#ffaf23"
        keyframe_border="#000000ff"
        keyframe_border_selected="#000000ff"
        draw_action="#50c8ff"
        preview_back="#000000"
        metadatabg="#000000"
        metadatatext="#ffffff"
        preview_range="#a14d0066"
        row_alternate="#ffffff05"
        >
        <space>
          <ThemeSpaceGeneric
            back="#181818"
            title="#eeeeee"
            text="#a6a6a6"
            text_hi="#ffffff"
            header="#303030b3"
            header_text="#eeeeee"
            header_text_hi="#ffffff"
            button="#30303000"
            button_title="#ffffff"
            button_text="#cccccc"
            button_text_hi="#ffffff"
            navigation_bar="#1d1d1dff"
            execution_buts="#303030ff"
            tab_active="#303030"
            tab_inactive="#1d1d1d"
            tab_back="#181818ff"
            tab_outline="#3d3d3dff"
            >
            <panelcolors>
              <ThemePanelColors
                header="#3d3d3dff"
                back="#3d3d3dff"
                sub_back="#0000001f"
                >
              </ThemePanelColors>
            </panelcolors>
          </ThemeSpaceGeneric>
        </space>
        <space_list>
          <ThemeSpaceListGeneric
            list="#181818"
            list_title="#ffffff"
            list_text="#ffffff"
            list_text_hi="#ffffff"
            >
          </ThemeSpaceListGeneric>
        </space_list>
      </ThemeSequenceEditor>
    </sequence_editor>
    <properties>
      <ThemeProperties
        match="#4772b3"
        active_modifier="#4772b3ff"
        >
        <space>
          <ThemeSpaceGeneric
            back="#303030"
            title="#e6e6e6"
            text="#e6e6e6"
            text_hi="#ffffff"
            header="#303030b3"
            header_text="#eeeeee"
            header_text_hi="#ffffff"
            button="#30303000"
            button_title="#cccccc"
            button_text="#cccccc"
            button_text_hi="#ffffff"
            navigation_bar="#1d1d1dff"
            execution_buts="#1d1d1dff"
            tab_active="#303030"
            tab_inactive="#1d1d1d"
            tab_back="#181818ff"
            tab_outline="#3d3d3dff"
            >
            <panelcolors>
              <ThemePanelColors
                header="#3d3d3dff"
                back="#3d3d3dff"
                sub_back="#0000001f"
                >
              </ThemePanelColors>
            </panelcolors>
          </ThemeSpaceGeneric>
        </space>
      </ThemeProperties>
    </properties>
    <text_editor>
      <ThemeTextEditor
        line_numbers="#777777"
        line_numbers_background="#1d1d1d"
        selected_text="#2d4366"
        cursor="#ff0000"
        syntax_builtin="#e62e67"
        syntax_symbols="#ff734d"
        syntax_special="#689d06"
        syntax_preprocessor="#9c73e6"
        syntax_reserved="#c4753b"
        syntax_comment="#939393"
        syntax_string="#e6d573"
        syntax_numbers="#48c5e6"
        >
        <space>
          <ThemeSpaceGeneric
            back="#232323"
            title="#eeeeee"
            text="#e6e6e6"
            text_hi="#ffffff"
            header="#303030b3"
            header_text="#eeeeee"
            header_text_hi="#ffffff"
            button="#30303000"
            button_title="#ffffff"
            button_text="#cccccc"
            button_text_hi="#ffffff"
            navigation_bar="#1d1d1dff"
            execution_buts="#303030ff"
            tab_active="#303030"
            tab_inactive="#1d1d1d"
            tab_back="#181818ff"
            tab_outline="#3d3d3dff"
            >
            <panelcolors>
              <ThemePanelColors
                header="#3d3d3dff"
                back="#3d3d3dff"
                sub_back="#0000001f"
                >
              </ThemePanelColors>
            </panelcolors>
          </ThemeSpaceGeneric>
        </space>
      </ThemeTextEditor>
    </text_editor>
    <node_editor>
      <ThemeNodeEditor
        grid="#333333"
        node_selected="#00baed"
        node_active="#ffffff"
        wire="#1a1a1aff"
        wire_inner="#8d8d8d"
        wire_select="#ffffffb3"
        selected_text="#7f7f7f"
        node_backdrop="#303030ff"
        converter_node="#12adff"
        color_node="#cccc00"
        group_node="#3b660a"
        group_socket_node="#000000"
        frame_node="#0f0f0fcc"
        matte_node="#973c3c"
        distor_node="#4c9797"
        noodle_curving="5"
        grid_levels="3"
        dash_alpha="0.5"
        input_node="#ff3371"
        output_node="#4d0017"
        filter_node="#551a80"
        vector_node="#4d4dff"
        texture_node="#e66800"
        shader_node="#24b524"
        script_node="#084d4d"
        pattern_node="#6c696f"
        layout_node="#6c696f"
        geometry_node="#00d6a3"
        attribute_node="#001566"
        simulation_zone="#66416233"
        repeat_zone="#76512f33"
        >
        <space>
          <ThemeSpaceGeneric
            back="#141414"
            title="#eeeeee"
            text="#e6e6e6"
            text_hi="#ffffff"
            header="#1d1d1db3"
            header_text="#eeeeee"
            header_text_hi="#ffffff"
            button="#1d1d1db3"
            button_title="#ffffff"
            button_text="#cccccc"
            button_text_hi="#ffffff"
            navigation_bar="#1d1d1dff"
            execution_buts="#303030ff"
            tab_active="#303030"
            tab_inactive="#1d1d1d"
            tab_back="#181818ff"
            tab_outline="#3d3d3dff"
            >
            <panelcolors>
              <ThemePanelColors
                header="#707070cc"
                back="#66666633"
                sub_back="#0000001a"
                >
              </ThemePanelColors>
            </panelcolors>
          </ThemeSpaceGeneric>
        </space>
        <space_list>
          <ThemeSpaceListGeneric
            list="#303030"
            list_title="#ffffff"
            list_text="#b8b8b8"
            list_text_hi="#ffaf23"
            >
          </ThemeSpaceListGeneric>
        </space_list>
      </ThemeNodeEditor>
    </node_editor>
    <outliner>
      <ThemeOutliner
        match="#337f33"
        selected_highlight="#4b4b4b"
        active="#5f0030"
        selected_object="#00b6ff"
        active_object="#ffffff"
        edited_object="#00806266"
        row_alternate="#ffffff04"
        >
        <space>
          <ThemeSpaceGeneric
            back="#282828"
            title="#ffffff"
            text="#c3c3c3"
            text_hi="#ffffff"
            header="#282828b3"
            header_text="#eeeeee"
            header_text_hi="#ffffff"
            button="#30303000"
            button_title="#ffffff"
            button_text="#cccccc"
            button_text_hi="#ffffff"
            navigation_bar="#1d1d1dff"
            execution_buts="#303030ff"
            tab_active="#303030"
            tab_inactive="#1d1d1d"
            tab_back="#181818ff"
            tab_outline="#3d3d3dff"
            >
            <panelcolors>
              <ThemePanelColors
                header="#3d3d3dff"
                back="#3d3d3dff"
                sub_back="#0000001f"
                >
              </ThemePanelColors>
            </panelcolors>
          </ThemeSpaceGeneric>
        </space>
      </ThemeOutliner>
    </outliner>
    <info>
      <ThemeInfo
        info_selected="#3b5689"
        info_selected_text="#ffffff"
        info_error="#b34c34ff"
        info_error_text="#ffffff"
        info_warning="#ac8737ff"
        info_warning_text="#ffffff"
        info_info="#1f3862ff"
        info_info_text="#ffffff"
        info_debug="#6b3293ff"
        info_debug_text="#ffffff"
        info_property="#236666ff"
        info_property_text="#ffffff"
        info_operator="#235266ff"
        info_operator_text="#ffffff"
        >
        <space>
          <ThemeSpaceGeneric
            back="#1d1d1d"
            title="#ffffff"
            text="#c3c3c3"
            text_hi="#ffffff"
            header="#303030b3"
            header_text="#eeeeee"
            header_text_hi="#ffffff"
            button="#30303000"
            button_title="#ffffff"
            button_text="#cccccc"
            button_text_hi="#ffffff"
            navigation_bar="#1d1d1dff"
            execution_buts="#303030ff"
            tab_active="#303030"
            tab_inactive="#1d1d1d"
            tab_back="#181818ff"
            tab_outline="#3d3d3dff"
            >
            <panelcolors>
              <ThemePanelColors
                header="#3d3d3dff"
                back="#3d3d3dff"
                sub_back="#0000001f"
                >
              </ThemePanelColors>
            </panelcolors>
          </ThemeSpaceGeneric>
        </space>
      </ThemeInfo>
    </info>
    <preferences>
      <ThemePreferences>
        <space>
          <ThemeSpaceGeneric
            back="#303030"
            title="#eeeeee"
            text="#e6e6e6"
            text_hi="#ffffff"
            header="#303030b3"
            header_text="#eeeeee"
            header_text_hi="#ffffff"
            button="#1d1d1dff"
            button_title="#ffffff"
            button_text="#cccccc"
            button_text_hi="#ffffff"
            navigation_bar="#303030ff"
            execution_buts="#303030ff"
            tab_active="#303030"
            tab_inactive="#1d1d1d"
            tab_back="#181818ff"
            tab_outline="#3d3d3dff"
            >
            <panelcolors>
              <ThemePanelColors
                header="#3d3d3dff"
                back="#3d3d3dff"
                sub_back="#0000001f"
                >
              </ThemePanelColors>
            </panelcolors>
          </ThemeSpaceGeneric>
        </space>
      </ThemePreferences>
    </preferences>
    <console>
      <ThemeConsole
        line_output="#71a8ff"
        line_input="#f2f2f2"
        line_info="#95d600"
        line_error="#ff4d84"
        cursor="#ff0000"
        select="#ffffff30"
        >
        <space>
          <ThemeSpaceGeneric
            back="#1d1d1d"
            title="#eeeeee"
            text="#e6e6e6"
            text_hi="#ffffff"
            header="#303030b3"
            header_text="#eeeeee"
            header_text_hi="#ffffff"
            button="#30303000"
            button_title="#ffffff"
            button_text="#cccccc"
            button_text_hi="#ffffff"
            navigation_bar="#1d1d1dff"
            execution_buts="#303030ff"
            tab_active="#303030"
            tab_inactive="#1d1d1d"
            tab_back="#181818ff"
            tab_outline="#3d3d3dff"
            >
            <panelcolors>
              <ThemePanelColors
                header="#3d3d3dff"
                back="#3d3d3dff"
                sub_back="#0000001f"
                >
              </ThemePanelColors>
            </panelcolors>
          </ThemeSpaceGeneric>
        </space>
      </ThemeConsole>
    </console>
    <clip_editor>
      <ThemeClipEditor
        grid="#181818ff"
        marker_outline="#000000"
        marker="#808000"
        active_marker="#ffffff"
        selected_marker="#ffff00"
        disabled_marker="#7f0000"
        locked_marker="#7f7f7f"
        path_before="#ff0000"
        path_after="#0000ff"
        path_keyframe_before="#ffc4c4"
        path_keyframe_after="#c4c4ff"
        frame_current="#4772b3"
        time_scrub_background="#181818ff"
        time_marker_line="#ffffff4d"
        time_marker_line_selected="#ffffffb3"
        strips="#ffffff"
        strips_selected="#ff8c00"
        metadatabg="#000000"
        metadatatext="#ffffff"
        handle_free="#000000"
        handle_auto="#909000"
        handle_align="#803060"
        handle_sel_free="#000000"
        handle_sel_auto="#f0ff40"
        handle_sel_align="#f090a0"
        handle_auto_clamped="#994030"
        handle_sel_auto_clamped="#f0af90"
        handle_vertex="#000000"
        handle_vertex_select="#ff8500"
        handle_vertex_size="5"
        >
        <space>
          <ThemeSpaceGeneric
            back="#303030"
            title="#eeeeee"
            text="#a6a6a6"
            text_hi="#ffffff"
            header="#303030b3"
            header_text="#eeeeee"
            header_text_hi="#ffffff"
            button="#30303000"
            button_title="#ffffff"
            button_text="#cccccc"
            button_text_hi="#ffffff"
            navigation_bar="#1d1d1dff"
            execution_buts="#303030ff"
            tab_active="#303030"
            tab_inactive="#1d1d1d"
            tab_back="#181818ff"
            tab_outline="#3d3d3dff"
            >
            <panelcolors>
              <ThemePanelColors
                header="#3d3d3dff"
                back="#3d3d3dff"
                sub_back="#0000001f"
                >
              </ThemePanelColors>
            </panelcolors>
          </ThemeSpaceGeneric>
        </space>
        <space_list>
          <ThemeSpaceListGeneric
            list="#303030"
            list_title="#ffffff"
            list_text="#b8b8b8"
            list_text_hi="#ffaf23"
            >
          </ThemeSpaceListGeneric>
        </space_list>
      </ThemeClipEditor>
    </clip_editor>
    <topbar>
      <ThemeTopBar>
        <space>
          <ThemeSpaceGeneric
            back="#181818"
            title="#ffffff"
            text="#e6e6e6"
            text_hi="#ffffff"
            header="#181818b3"
            header_text="#eeeeee"
            header_text_hi="#ffffff"
            button="#30303000"
            button_title="#ffffff"
            button_text="#cccccc"
            button_text_hi="#ffffff"
            navigation_bar="#1d1d1dff"
            execution_buts="#303030ff"
            tab_active="#303030"
            tab_inactive="#1d1d1d"
            tab_back="#181818ff"
            tab_outline="#3d3d3dff"
            >
            <panelcolors>
              <ThemePanelColors
                header="#3d3d3dff"
                back="#3d3d3dff"
                sub_back="#0000001f"
                >
              </ThemePanelColors>
            </panelcolors>
          </ThemeSpaceGeneric>
        </space>
      </ThemeTopBar>
    </topbar>
    <statusbar>
      <ThemeStatusBar>
        <space>
          <ThemeSpaceGeneric
            back="#303030"
            title="#ffffff"
            text="#838383"
            text_hi="#ffffff"
            header="#181818b3"
            header_text="#888888"
            header_text_hi="#ffffff"
            button="#30303000"
            button_title="#000000"
            button_text="#cccccc"
            button_text_hi="#ffffff"
            navigation_bar="#1d1d1dff"
            execution_buts="#303030ff"
            tab_active="#303030"
            tab_inactive="#1d1d1d"
            tab_back="#181818ff"
            tab_outline="#3d3d3dff"
            >
            <panelcolors>
              <ThemePanelColors
                header="#3d3d3dff"
                back="#3d3d3dff"
                sub_back="#0000001f"
                >
              </ThemePanelColors>
            </panelcolors>
          </ThemeSpaceGeneric>
        </space>
      </ThemeStatusBar>
    </statusbar>
    <spreadsheet>
      <ThemeSpreadsheet
        row_alternate="#ffffff04"
        >
        <space>
          <ThemeSpaceGeneric
            back="#282828"
            title="#ffffff"
            text="#c3c3c3"
            text_hi="#ffffff"
            header="#303030b3"
            header_text="#eeeeee"
            header_text_hi="#ffffff"
            button="#30303000"
            button_title="#ffffff"
            button_text="#cccccc"
            button_text_hi="#ffffff"
            navigation_bar="#1d1d1dff"
            execution_buts="#303030ff"
            tab_active="#303030"
            tab_inactive="#1d1d1d"
            tab_back="#181818ff"
            tab_outline="#3d3d3dff"
            >
            <panelcolors>
              <ThemePanelColors
                header="#3d3d3dff"
                back="#3d3d3dff"
                sub_back="#0000001f"
                >
              </ThemePanelColors>
            </panelcolors>
          </ThemeSpaceGeneric>
        </space>
        <space_list>
          <ThemeSpaceListGeneric
            list="#303030"
            list_title="#c3c3c3"
            list_text="#b8b8b8"
            list_text_hi="#ffaf23"
            >
          </ThemeSpaceListGeneric>
        </space_list>
      </ThemeSpreadsheet>
    </spreadsheet>
    <bone_color_sets>
      <ThemeBoneColorSet
        normal="#9a0000"
        select="#bd1111"
        active="#f70a0a"
        show_colored_constraints="FALSE"
        >
      </ThemeBoneColorSet>
      <ThemeBoneColorSet
        normal="#f74018"
        select="#f66913"
        active="#fa9900"
        show_colored_constraints="FALSE"
        >
      </ThemeBoneColorSet>
      <ThemeBoneColorSet
        normal="#1e9109"
        select="#59b70b"
        active="#83ef1d"
        show_colored_constraints="FALSE"
        >
      </ThemeBoneColorSet>
      <ThemeBoneColorSet
        normal="#0a3694"
        select="#3667df"
        active="#5ec1ef"
        show_colored_constraints="FALSE"
        >
      </ThemeBoneColorSet>
      <ThemeBoneColorSet
        normal="#a9294e"
        select="#c1416a"
        active="#f05d91"
        show_colored_constraints="FALSE"
        >
      </ThemeBoneColorSet>
      <ThemeBoneColorSet
        normal="#430c78"
        select="#543aa3"
        active="#8764d5"
        show_colored_constraints="FALSE"
        >
      </ThemeBoneColorSet>
      <ThemeBoneColorSet
        normal="#24785a"
        select="#3c9579"
        active="#6fb6ab"
        show_colored_constraints="FALSE"
        >
      </ThemeBoneColorSet>
      <ThemeBoneColorSet
        normal="#4b707c"
        select="#6a8691"
        active="#9bc2cd"
        show_colored_constraints="FALSE"
        >
      </ThemeBoneColorSet>
      <ThemeBoneColorSet
        normal="#f4c90c"
        select="#eec236"
        active="#f3ff00"
        show_colored_constraints="FALSE"
        >
      </ThemeBoneColorSet>
      <ThemeBoneColorSet
        normal="#1e2024"
        select="#484c56"
        active="#ffffff"
        show_colored_constraints="FALSE"
        >
      </ThemeBoneColorSet>
      <ThemeBoneColorSet
        normal="#6f2f6a"
        select="#9845be"
        active="#d330d6"
        show_colored_constraints="FALSE"
        >
      </ThemeBoneColorSet>
      <ThemeBoneColorSet
        normal="#6c8e22"
        select="#7fb022"
        active="#bbef5b"
        show_colored_constraints="FALSE"
        >
      </ThemeBoneColorSet>
      <ThemeBoneColorSet
        normal="#8d8d8d"
        select="#b0b0b0"
        active="#dedede"
        show_colored_constraints="FALSE"
        >
      </ThemeBoneColorSet>
      <ThemeBoneColorSet
        normal="#834326"
        select="#8b5811"
        active="#bd6a11"
        show_colored_constraints="FALSE"
        >
      </ThemeBoneColorSet>
      <ThemeBoneColorSet
        normal="#08310e"
        select="#1c430b"
        active="#34622b"
        show_colored_constraints="FALSE"
        >
      </ThemeBoneColorSet>
      <ThemeBoneColorSet
        normal="#000000"
        select="#000000"
        active="#000000"
        show_colored_constraints="FALSE"
        >
      </ThemeBoneColorSet>
      <ThemeBoneColorSet
        normal="#000000"
        select="#000000"
        active="#000000"
        show_colored_constraints="FALSE"
        >
      </ThemeBoneColorSet>
      <ThemeBoneColorSet
        normal="#000000"
        select="#000000"
        active="#000000"
        show_colored_constraints="FALSE"
        >
      </ThemeBoneColorSet>
      <ThemeBoneColorSet
        normal="#000000"
        select="#000000"
        active="#000000"
        show_colored_constraints="FALSE"
        >
      </ThemeBoneColorSet>
      <ThemeBoneColorSet
        normal="#000000"
        select="#000000"
        active="#000000"
        show_colored_constraints="FALSE"
        >
      </ThemeBoneColorSet>
    </bone_color_sets>
    <collection_color>
      <ThemeCollectionColor
        color="#e2605b"
        >
      </ThemeCollectionColor>
      <ThemeCollectionColor
        color="#f1a355"
        >
      </ThemeCollectionColor>
      <ThemeCollectionColor
        color="#f1dc55"
        >
      </ThemeCollectionColor>
      <ThemeCollectionColor
        color="#7bcc7b"
        >
      </ThemeCollectionColor>
      <ThemeCollectionColor
        color="#5db6ea"
        >
      </ThemeCollectionColor>
      <ThemeCollectionColor
        color="#8d59da"
        >
      </ThemeCollectionColor>
      <ThemeCollectionColor
        color="#c673b8"
        >
      </ThemeCollectionColor>
      <ThemeCollectionColor
        color="#7a5441"
        >
      </ThemeCollectionColor>
    </collection_color>
    <strip_color>
      <ThemeStripColor
        color="#e2605b"
        >
      </ThemeStripColor>
      <ThemeStripColor
        color="#f1a355"
        >
      </ThemeStripColor>
      <ThemeStripColor
        color="#f1dc55"
        >
      </ThemeStripColor>
      <ThemeStripColor
        color="#7bcc7b"
        >
      </ThemeStripColor>
      <ThemeStripColor
        color="#5db6ea"
        >
      </ThemeStripColor>
      <ThemeStripColor
        color="#8d59da"
        >
      </ThemeStripColor>
      <ThemeStripColor
        color="#c673b8"
        >
      </ThemeStripColor>
      <ThemeStripColor
        color="#7a5441"
        >
      </ThemeStripColor>
      <ThemeStripColor
        color="#5f5f5f"
        >
      </ThemeStripColor>
    </strip_color>
  </Theme>
  <ThemeStyle>
    <panel_title>
      <ThemeFontStyle
        points="11"
        shadow="3"
        shadow_offset_x="0"
        shadow_offset_y="-1"
        shadow_alpha="0.5"
        shadow_value="0"
        >
      </ThemeFontStyle>
    </panel_title>
    <widget_label>
      <ThemeFontStyle
        points="11"
        shadow="3"
        shadow_offset_x="0"
        shadow_offset_y="-1"
        shadow_alpha="0.5"
        shadow_value="0"
        >
      </ThemeFontStyle>
    </widget_label>
    <widget>
      <ThemeFontStyle
        points="11"
        shadow="1"
        shadow_offset_x="0"
        shadow_offset_y="-1"
        shadow_alpha="0.5"
        shadow_value="0"
        >
      </ThemeFontStyle>
    </widget>
  </ThemeStyle>
</bpy>
